{
  "agents": {
    "mini-swe-agent": {
      "n_tasks": 3,
      "solve_rate": 0.3333333333333333,
      "patch_rate": 0.3333333333333333,
      "avg_steps": 34.333333333333336,
      "avg_elapsed_s": 629.2349143053094,
      "avg_llm_ms": 365108.74303181964,
      "avg_tool_ms": 10413.912693659464,
      "avg_tokens": 552296.3333333334,
      "avg_llm_ratio": 0.9731104823858296,
      "avg_tool_diversity": 1.0,
      "avg_completion_tokens": 877.2506233062331,
      "total_tool_distribution": {
        "bash": 103
      }
    },
    "openclaw": {
      "n_tasks": 3,
      "solve_rate": 0.0,
      "patch_rate": 0.0,
      "avg_steps": 49.666666666666664,
      "avg_elapsed_s": 510.6205423885646,
      "avg_llm_ms": 503191.2033907138,
      "avg_tool_ms": 6678.398913238198,
      "avg_tokens": 1567718.6666666667,
      "avg_llm_ratio": 0.9858199830849114,
      "avg_tool_diversity": 5.0,
      "avg_completion_tokens": 380.0813384267119,
      "total_tool_distribution": {
        "exec": 76,
        "read_file": 54,
        "edit_file": 9,
        "list_dir": 3,
        "web_search": 2,
        "write_file": 2,
        "web_fetch": 1
      }
    }
  },
  "paired_tasks": [
    {
      "instance_id": "django__django-11734",
      "mini-swe-agent": {
        "n_steps": 50,
        "elapsed_s": 286.1105493749492,
        "total_tokens": 808483,
        "tool_diversity": 1,
        "llm_ratio": 0.9926002480719446,
        "patch_generated": false
      },
      "openclaw": {
        "n_steps": 80,
        "elapsed_s": 961.1883612079546,
        "total_tokens": 3724037,
        "tool_diversity": 7,
        "llm_ratio": 0.9885028864555649,
        "patch_generated": false
      }
    },
    {
      "instance_id": "pytest-dev__pytest-7571",
      "mini-swe-agent": {
        "n_steps": 41,
        "elapsed_s": 398.5380073750857,
        "total_tokens": 740033,
        "tool_diversity": 1,
        "llm_ratio": 0.9334060892067063,
        "patch_generated": true
      },
      "openclaw": {
        "n_steps": 38,
        "elapsed_s": 265.49678708286956,
        "total_tokens": 525899,
        "tool_diversity": 5,
        "llm_ratio": 0.9883617701085254,
        "patch_generated": false
      }
    },
    {
      "instance_id": "sympy__sympy-24443",
      "mini-swe-agent": {
        "n_steps": 12,
        "elapsed_s": 1203.0561861658935,
        "total_tokens": 108373,
        "tool_diversity": 1,
        "llm_ratio": 0.9933251098788379,
        "patch_generated": false
      },
      "openclaw": {
        "n_steps": 31,
        "elapsed_s": 305.17647887486964,
        "total_tokens": 453220,
        "tool_diversity": 3,
        "llm_ratio": 0.9805952926906437,
        "patch_generated": false
      }
    }
  ],
  "common_task_count": 3
}